student_id,student_name,email,join_date,country
1,Student_1,student1@mail.com,2024-06-12,India
2,Student_2,student2@mail.com,2024-01-07,UK
3,Student_3,student3@mail.com,2024-03-03,USA
4,Student_4,student4@mail.com,2024-02-05,India
5,Student_5,student5@mail.com,2024-06-22,Australia
6,Student_6,student6@mail.com,2024-01-23,Australia
7,Student_7,student7@mail.com,2024-04-18,India
8,Student_8,student8@mail.com,2024-01-08,India
9,Student_9,student9@mail.com,2024-02-25,USA
10,Student_10,student10@mail.com,2024-05-09,Australia
11,Student_11,student11@mail.com,2024-01-07,Australia
12,Student_12,student12@mail.com,2024-02-20,Australia
13,Student_13,student13@mail.com,2024-04-17,USA
14,Student_14,student14@mail.com,2024-04-24,Australia
15,Student_15,student15@mail.com,2024-03-12,India
16,Student_16,student16@mail.com,2024-02-10,Canada
17,Student_17,student17@mail.com,2024-03-28,UK
18,Student_18,student18@mail.com,2024-02-09,USA
19,Student_19,student19@mail.com,2024-03-27,India
20,Student_20,student20@mail.com,2024-01-24,Canada
21,Student_21,student21@mail.com,2024-01-25,UK
22,Student_22,student22@mail.com,2024-03-29,Australia
23,Student_23,student23@mail.com,2024-03-08,India
24,Student_24,student24@mail.com,2024-04-27,Australia
25,Student_25,student25@mail.com,2024-02-01,Canada
26,Student_26,student26@mail.com,2024-01-21,Australia
27,Student_27,student27@mail.com,2024-03-16,Australia
28,Student_28,student28@mail.com,2024-04-02,Australia
29,Student_29,student29@mail.com,2024-02-19,India
30,Student_30,student30@mail.com,2024-01-12,USA
31,Student_31,student31@mail.com,2024-03-15,India
32,Student_32,student32@mail.com,2024-02-29,India
33,Student_33,student33@mail.com,2024-04-07,UK
34,Student_34,student34@mail.com,2024-04-26,UK
35,Student_35,student35@mail.com,2024-02-11,UK
36,Student_36,student36@mail.com,2024-03-31,USA
37,Student_37,student37@mail.com,2024-06-20,UK
38,Student_38,student38@mail.com,2024-06-28,India
39,Student_39,student39@mail.com,2024-06-04,USA
40,Student_40,student40@mail.com,2024-05-16,USA
41,Student_41,student41@mail.com,2024-02-11,Canada
42,Student_42,student42@mail.com,2024-04-07,UK
43,Student_43,student43@mail.com,2024-06-12,Australia
44,Student_44,student44@mail.com,2024-02-26,UK
45,Student_45,student45@mail.com,2024-01-15,USA
46,Student_46,student46@mail.com,2024-01-09,UK
47,Student_47,student47@mail.com,2024-04-12,UK
48,Student_48,student48@mail.com,2024-01-17,USA
49,Student_49,student49@mail.com,2024-05-25,UK
50,Student_50,student50@mail.com,2024-02-24,Canada
51,Student_51,student51@mail.com,2024-04-11,Canada
52,Student_52,student52@mail.com,2024-02-06,UK
53,Student_53,student53@mail.com,2024-02-05,USA
54,Student_54,student54@mail.com,2024-05-23,Australia
55,Student_55,student55@mail.com,2024-03-08,Australia
56,Student_56,student56@mail.com,2024-04-19,Australia
57,Student_57,student57@mail.com,2024-04-12,UK
58,Student_58,student58@mail.com,2024-02-26,USA
59,Student_59,student59@mail.com,2024-05-10,Canada
60,Student_60,student60@mail.com,2024-01-24,India
61,Student_61,student61@mail.com,2024-01-29,USA
62,Student_62,student62@mail.com,2024-06-09,USA
63,Student_63,student63@mail.com,2024-06-23,Canada
64,Student_64,student64@mail.com,2024-06-01,India
65,Student_65,student65@mail.com,2024-04-08,Canada
66,Student_66,student66@mail.com,2024-06-01,Canada
67,Student_67,student67@mail.com,2024-05-15,UK
68,Student_68,student68@mail.com,2024-05-21,India
69,Student_69,student69@mail.com,2024-06-23,India
70,Student_70,student70@mail.com,2024-06-23,Australia
71,Student_71,student71@mail.com,2024-03-09,UK
72,Student_72,student72@mail.com,2024-01-29,UK
73,Student_73,student73@mail.com,2024-04-21,USA
74,Student_74,student74@mail.com,2024-04-26,India
75,Student_75,student75@mail.com,2024-03-08,Australia
76,Student_76,student76@mail.com,2024-02-15,Australia
77,Student_77,student77@mail.com,2024-01-28,UK
78,Student_78,student78@mail.com,2024-06-12,Australia
79,Student_79,student79@mail.com,2024-06-04,USA
80,Student_80,student80@mail.com,2024-02-09,UK
81,Student_81,student81@mail.com,2024-02-11,Australia
82,Student_82,student82@mail.com,2024-05-15,India
83,Student_83,student83@mail.com,2024-06-02,UK
84,Student_84,student84@mail.com,2024-05-05,India
85,Student_85,student85@mail.com,2024-01-29,UK
86,Student_86,student86@mail.com,2024-03-19,USA
87,Student_87,student87@mail.com,2024-01-15,USA
88,Student_88,student88@mail.com,2024-05-25,India
89,Student_89,student89@mail.com,2024-01-22,Canada
90,Student_90,student90@mail.com,2024-01-18,Australia
91,Student_91,student91@mail.com,2024-02-02,USA
92,Student_92,student92@mail.com,2024-06-17,Canada
93,Student_93,student93@mail.com,2024-05-20,USA
94,Student_94,student94@mail.com,2024-03-08,Australia
95,Student_95,student95@mail.com,2024-06-04,Canada
96,Student_96,student96@mail.com,2024-02-24,Australia
97,Student_97,student97@mail.com,2024-06-25,USA
98,Student_98,student98@mail.com,2024-03-20,Canada
99,Student_99,student99@mail.com,2024-06-20,UK
100,Student_100,student100@mail.com,2024-04-22,Australia
101,Student_101,student101@mail.com,2024-04-25,India
102,Student_102,student102@mail.com,2024-03-04,USA
103,Student_103,student103@mail.com,2024-01-17,UK
104,Student_104,student104@mail.com,2024-01-06,Australia
105,Student_105,student105@mail.com,2024-05-21,USA
106,Student_106,student106@mail.com,2024-05-30,USA
107,Student_107,student107@mail.com,2024-01-02,India
108,Student_108,student108@mail.com,2024-06-10,India
109,Student_109,student109@mail.com,2024-02-28,India
110,Student_110,student110@mail.com,2024-01-09,UK
111,Student_111,student111@mail.com,2024-01-19,Australia
112,Student_112,student112@mail.com,2024-03-01,UK
113,Student_113,student113@mail.com,2024-06-20,Canada
114,Student_114,student114@mail.com,2024-02-24,Australia
115,Student_115,student115@mail.com,2024-02-03,Australia
116,Student_116,student116@mail.com,2024-05-27,Canada
117,Student_117,student117@mail.com,2024-03-03,Canada
118,Student_118,student118@mail.com,2024-04-14,USA
119,Student_119,student119@mail.com,2024-01-25,India
120,Student_120,student120@mail.com,2024-06-17,Canada
121,Student_121,student121@mail.com,2024-03-31,Canada
122,Student_122,student122@mail.com,2024-04-15,Canada
123,Student_123,student123@mail.com,2024-01-14,India
124,Student_124,student124@mail.com,2024-01-16,Canada
125,Student_125,student125@mail.com,2024-03-27,India
126,Student_126,student126@mail.com,2024-03-04,USA
127,Student_127,student127@mail.com,2024-02-18,Australia
128,Student_128,student128@mail.com,2024-04-24,USA
129,Student_129,student129@mail.com,2024-04-18,USA
130,Student_130,student130@mail.com,2024-03-12,Canada
131,Student_131,student131@mail.com,2024-03-04,India
132,Student_132,student132@mail.com,2024-04-23,Australia
133,Student_133,student133@mail.com,2024-01-26,India
134,Student_134,student134@mail.com,2024-06-15,Australia
135,Student_135,student135@mail.com,2024-01-04,India
136,Student_136,student136@mail.com,2024-03-01,USA
137,Student_137,student137@mail.com,2024-04-14,Canada
138,Student_138,student138@mail.com,2024-05-03,USA
139,Student_139,student139@mail.com,2024-04-12,India
140,Student_140,student140@mail.com,2024-02-12,Canada
141,Student_141,student141@mail.com,2024-01-01,Canada
142,Student_142,student142@mail.com,2024-03-08,Canada
143,Student_143,student143@mail.com,2024-03-14,Canada
144,Student_144,student144@mail.com,2024-06-27,Australia
145,Student_145,student145@mail.com,2024-06-18,Canada
146,Student_146,student146@mail.com,2024-02-09,USA
147,Student_147,student147@mail.com,2024-03-16,USA
148,Student_148,student148@mail.com,2024-01-15,Australia
149,Student_149,student149@mail.com,2024-05-18,India
150,Student_150,student150@mail.com,2024-03-21,India
151,Student_151,student151@mail.com,2024-01-13,Australia
152,Student_152,student152@mail.com,2024-05-02,Australia
153,Student_153,student153@mail.com,2024-05-15,USA
154,Student_154,student154@mail.com,2024-01-15,Australia
155,Student_155,student155@mail.com,2024-01-21,USA
156,Student_156,student156@mail.com,2024-01-18,Australia
157,Student_157,student157@mail.com,2024-01-18,USA
158,Student_158,student158@mail.com,2024-04-13,India
159,Student_159,student159@mail.com,2024-05-25,USA
160,Student_160,student160@mail.com,2024-05-28,Australia
161,Student_161,student161@mail.com,2024-01-11,Australia
162,Student_162,student162@mail.com,2024-01-21,Canada
163,Student_163,student163@mail.com,2024-06-17,Australia
164,Student_164,student164@mail.com,2024-05-24,Australia
165,Student_165,student165@mail.com,2024-03-21,UK
166,Student_166,student166@mail.com,2024-02-22,UK
167,Student_167,student167@mail.com,2024-03-02,UK
168,Student_168,student168@mail.com,2024-04-11,USA
169,Student_169,student169@mail.com,2024-06-20,UK
170,Student_170,student170@mail.com,2024-04-27,UK
171,Student_171,student171@mail.com,2024-01-19,India
172,Student_172,student172@mail.com,2024-04-27,Australia
173,Student_173,student173@mail.com,2024-05-24,India
174,Student_174,student174@mail.com,2024-01-19,Australia
175,Student_175,student175@mail.com,2024-02-24,Australia
176,Student_176,student176@mail.com,2024-03-08,USA
177,Student_177,student177@mail.com,2024-03-30,India
178,Student_178,student178@mail.com,2024-03-03,UK
179,Student_179,student179@mail.com,2024-03-13,USA
180,Student_180,student180@mail.com,2024-04-22,Australia
181,Student_181,student181@mail.com,2024-06-29,UK
182,Student_182,student182@mail.com,2024-06-05,Australia
183,Student_183,student183@mail.com,2024-01-03,Australia
184,Student_184,student184@mail.com,2024-03-17,India
185,Student_185,student185@mail.com,2024-02-04,UK
186,Student_186,student186@mail.com,2024-01-30,India
187,Student_187,student187@mail.com,2024-05-21,USA
188,Student_188,student188@mail.com,2024-03-10,UK
189,Student_189,student189@mail.com,2024-06-03,USA
190,Student_190,student190@mail.com,2024-03-28,USA
191,Student_191,student191@mail.com,2024-06-24,UK
192,Student_192,student192@mail.com,2024-05-09,Canada
193,Student_193,student193@mail.com,2024-03-05,India
194,Student_194,student194@mail.com,2024-01-24,Canada
195,Student_195,student195@mail.com,2024-03-11,India
196,Student_196,student196@mail.com,2024-01-01,UK
197,Student_197,student197@mail.com,2024-02-03,UK
198,Student_198,student198@mail.com,2024-02-11,Canada
199,Student_199,student199@mail.com,2024-05-21,Canada
200,Student_200,student200@mail.com,2024-05-23,India
